-- --------------------------------------------------------
-- Host:                         192.168.213.13
-- Versión del servidor:         10.4.18-MariaDB - mariadb.org binary distribution
-- SO del servidor:              Win64
-- HeidiSQL Versión:             12.3.0.6589
-- --------------------------------------------------------

/*!40101 SET @OLD_CHARACTER_SET_CLIENT=@@CHARACTER_SET_CLIENT */;
/*!40101 SET NAMES utf8 */;
/*!50503 SET NAMES utf8mb4 */;
/*!40103 SET @OLD_TIME_ZONE=@@TIME_ZONE */;
/*!40103 SET TIME_ZONE='+00:00' */;
/*!40014 SET @OLD_FOREIGN_KEY_CHECKS=@@FOREIGN_KEY_CHECKS, FOREIGN_KEY_CHECKS=0 */;
/*!40101 SET @OLD_SQL_MODE=@@SQL_MODE, SQL_MODE='NO_AUTO_VALUE_ON_ZERO' */;
/*!40111 SET @OLD_SQL_NOTES=@@SQL_NOTES, SQL_NOTES=0 */;


-- Volcando estructura de base de datos para noe
CREATE DATABASE IF NOT EXISTS `noe` /*!40100 DEFAULT CHARACTER SET utf8mb4 */;
USE `noe`;

-- Volcando estructura para tabla noe.equipo
CREATE TABLE IF NOT EXISTS `equipo` (
  `tipo` varchar(12) DEFAULT NULL,
  `marca` varchar(50) DEFAULT NULL,
  `modelo` varchar(50) DEFAULT NULL,
  `serial` varchar(100) NOT NULL,
  `cpu_tic` varchar(100) NOT NULL,
  `procesador` VARCHAR(20) DEFAULT NULL,
  `disco` varchar(10) DEFAULT NULL,
  `ram` varchar(10) DEFAULT NULL,
  `pantalla` varchar(20) DEFAULT NULL,
  `pantalla_tic` varchar(20) DEFAULT NULL,
  `teclado` varchar(20) DEFAULT NULL,
  `teclado_tic` varchar(20) DEFAULT NULL,
  `mouse` varchar(20) DEFAULT NULL,
  `mouse_tic` varchar(20) DEFAULT NULL,
  `cargador` varchar(20) DEFAULT NULL,
  `cargador_tic` varchar(20) DEFAULT NULL,
  `bateria` varchar(20) DEFAULT NULL,
  `procedencia` varchar(20) DEFAULT NULL,
  `seccional` varchar(50) DEFAULT NULL,
  `municipio` varchar(50) DEFAULT NULL,
  `funcionario` varchar(50) DEFAULT NULL,
  `cargo` varchar(50) DEFAULT NULL,
  `area` varchar(50) DEFAULT NULL,
  `estado` varchar(20) DEFAULT NULL,
  `nombre_pc` varchar(50) DEFAULT NULL,
  `so` varchar(17) DEFAULT NULL,
  `asignado_por` varchar(50) DEFAULT NULL,
  `fecha_ingreso` datetime DEFAULT CURRENT_TIMESTAMP(),
  `ultima_actualizacion` datetime NOT NULL DEFAULT current_timestamp() ON UPDATE CURRENT_TIMESTAMP(),
  `fecha_asignacion` datetime DEFAULT NULL,
  `fecha_cargue_acta` datetime DEFAULT NULL,
  `fecha_mantenimiento` datetime DEFAULT NULL,
  `operativo` varchar(2) DEFAULT NULL,
  PRIMARY KEY (`serial`) USING BTREE
) ENGINE=InnoDB DEFAULT CHARSET=utf8mb4 ROW_FORMAT=DYNAMIC;

-- Volcando datos para la tabla noe.equipo: ~1.424 rows (aproximadamente)
INSERT INTO `equipo` (`tipo`, `marca`, `modelo`, `serial`, `cpu_tic`, `procesador`, `disco`, `ram`, `pantalla`, `pantalla_tic`, `teclado`, `teclado_tic`, `mouse`, `mouse_tic`, `cargador`, `cargador_tic`, `bateria`, `procedencia`, `seccional`, `municipio`, `funcionario`, `cargo`, `area`, `estado`, `nombre_pc`, `so`, `asignado_por`, `fecha_ingreso`, `ultima_actualizacion`, `fecha_asignacion`, `fecha_cargue_acta`, `fecha_mantenimiento`, `operativo`) VALUES
	('ESCRITORIO', '1', '1', '123456789', '', 'INTEL I5', '500 GB', '4 GB', 'VKA21311', NULL, '0052172', NULL, '4C990B0', NULL, 'N/A', NULL, 'N/A', 'PROPIO', '13', '13430', '9133526', '154', '56', 'Disponible', 'C010EBOLARM2', 'WINDOWS 10', '1052958284', '2021-02-25 00:00:00', NULL, NULL, NULL, '2021-08-14 10:11:41', 'X');
	
DROP TABLE equipo

DELETE FROM equipo

SELECT * FROM equipo

SELECT s.nom_seccional,e.tipo,m2.nom_modelo,e.serial,e.nombre_pc,CONCAT(f1.nombre1,' ',f1.nombre2,' ',f1.apellido1,' ',f1.apellido2) AS 'funcionario',
CONCAT(f2.nombre1,' ',f2.nombre2,' ',f2.apellido1,' ',f2.apellido2) AS 'responsable',e.estado FROM equipo e
INNER JOIN seccional s ON s.cod_seccional = e.seccional
INNER JOIN marca m1 ON m1.cod_marca = e.marca
INNER JOIN modelo m2 ON m2.cod_modelo = e.modelo
INNER JOIN funcionario f1 ON f1.num_doc = e.funcionario
INNER JOIN funcionario f2 ON f2.num_doc = e.asignado_por

-- Volcando estructura para tabla noe.marca
CREATE TABLE IF NOT EXISTS `marca` (
  `cod_marca` INT(11) DEFAULT NULL,
  `nom_marca` varchar(50) DEFAULT NULL,
  PRIMARY KEY (`cod_marca`)
) ENGINE=InnoDB AUTO_INCREMENT=8 DEFAULT CHARSET=utf8mb4;

-- Volcando datos para la tabla noe.marca: ~6 rows (aproximadamente)
INSERT INTO `marca` (`cod_marca`, `nom_marca`) VALUES
	(1, 'LENOVO'),
	(2, 'HP'),
	(3, 'SONY'),
	(4, 'DELL'),
	(5, 'ASUS'),
	(6, 'MSI'),
	(7, 'IBM');

-- Volcando estructura para tabla noe.modelo
CREATE TABLE IF NOT EXISTS `modelo` (
  `cod_modelo` int(11) NOT NULL AUTO_INCREMENT,
  `cod_marca` INT(11) NOT NULL,
  `nom_modelo` varchar(50) DEFAULT NULL,
  PRIMARY KEY (`cod_modelo`)
) ENGINE=InnoDB DEFAULT CHARSET=utf8mb4;

-- Volcando datos para la tabla noe.modelo: ~36 rows (aproximadamente)
INSERT INTO `modelo` (`cod_modelo`, `cod_marca`, `nom_modelo`) VALUES
	(1, 1, 'Lenovo 1'),
	(2, 1, 'Lenovo 2'),
	(3, 2, 'HP 1'),
	(4, 2, 'HP 2'),
	(5, 3, 'Sony 1'),
	(6, 4, 'Dell 1'),
	(7, 5, 'Asus 1'),
	(8, 6, 'MSI 1'),
	(9, 7, 'IBM 1');
	
CREATE TABLE IF NOT EXISTS `procesador` (
	`cod_procesador` INT(11) NOT NULL AUTO_INCREMENT PRIMARY KEY,
	`nom_procesador` VARCHAR(50) DEFAULT NULL
);

INSERT INTO `procesador` (`cod_procesador`, `nom_procesador`) VALUES
	(1, 'Intel Celeron'),
	(2, 'Intel Core i3'),
	(3, 'Intel Core i5'),
	(4, 'Intel Core i7'),
	(5, 'Intel Core i9'),
	(6, 'AMD A10'),
	(7, 'AMD Ryzen 7');
	
CREATE TABLE IF NOT EXISTS `disco` (
	`cod_disco` INT(11) NOT NULL AUTO_INCREMENT PRIMARY KEY,
	`nom_disco` VARCHAR(50) DEFAULT NULL
);

INSERT INTO `disco` (`cod_disco`, `nom_disco`) VALUES
	(1, '250 GB'),
	(2, '500 GB'),
	(3, '750 GB'),
	(4, '1 TB'),
	(5, '1.25 TB'),
	(6, '2 TB');
	
CREATE TABLE IF NOT EXISTS `ram` (
	`cod_ram` INT(11) NOT NULL AUTO_INCREMENT PRIMARY KEY,
	`nom_ram` VARCHAR(50) DEFAULT NULL
);

INSERT INTO `ram` (`cod_ram`, `nom_ram`) VALUES
	(1, '4 GB'),
	(2, '8 GB'),
	(3, '12 GB'),
	(4, '16 GB'),
	(5, '32 GB'),
	(6, '40 GB'),
	(7, '64 GB');


-- Volcando estructura para tabla noe.municipio
CREATE TABLE IF NOT EXISTS `municipio` (
  `cod_municipio` VARCHAR(50) NOT NULL,
  `nom_municipio` varchar(50) DEFAULT NULL,
  PRIMARY KEY (`cod_municipio`)
) ENGINE=InnoDB DEFAULT CHARSET=UTF8MB4;

SELECT cod_municipio,nom_municipio FROM municipio WHERE LEFT(cod_municipio, 2) = 08;

-- Volcando datos para la tabla noe.municipio: ~200 rows (aproximadamente)
INSERT INTO `municipio` (`cod_municipio`, `nom_municipio`) VALUES
	('01001', 'Barranquilla'),
	('08001', 'Barranquilla'),
	('08137', 'Campo de la Cruz'),
	('08296', 'Galapa'),
	('08372', 'Juan de Acosta'),
	('08421', 'Luruaco'),
	('08433', 'Malambo'),
	('08436', 'Manati'),
	('08520', 'Palmar de Varela'),
	('08549', 'Piojo'),
	('08558', 'Polonuevo'),
	('08560', 'Ponedera'),
	('08573', 'Puerto Colombia'),
	('08606', 'Repelon'),
	('08634', 'Sabanagrande'),
	('08638', 'Sabanalarga'),
	('08675', 'Santa Lucia'),
	('08685', 'Santo Tomas'),
	('08758', 'Soledad'),
	('08770', 'Suan'),
	('0878', 'Baranoa'),
	('08832', 'Tubara'),
	('11001', 'Bogota'),
	('13001', 'Cartagena'),
	('13176', 'Chiquinquira'),
	('13212', 'Cordoba'),
	('13222', 'Clemencia'),
	('13244', 'El Carmen De Bolivar'),
	('13248', 'El Guamo'),
	('13299', 'Garagoa'),
	('13430', 'Magangue'),
	('13440', 'Margarita'),
	('13442', 'Maria la Baja'),
	('13458', 'Montecristo'),
	('13468', 'Mompos'),
	('13469', 'MONIQUIRA'),
	('13650', 'SAN FERNANDO'),
	('13655', 'SAN JACINTO DEL CAUCA'),
	('13657', 'SAN JUAN NEPOMUCENO'),
	('13667', 'SAN MARTIN DE LOBA'),
	('13670', 'SAN PABLO'),
	('13673', 'SANTA CATALINA'),
	('13688', 'SANTA ROSA DEL SUR'),
	('13693', 'SANTA ROSA DE VITERBO'),
	('13810', 'TIQUISIO'),
	('13836', 'TURBACO'),
	('15001', 'TUNJA'),
	('15087', 'BELEN'),
	('15097', 'BOAVITA'),
	('15176', 'CHIQUINQUIRA'),
	('15180', 'CHISCAS'),
	('15183', 'CHITA'),
	('15185', 'CHITARAQUE'),
	('15212', 'COPER'),
	('15218', 'COVARACHIA'),
	('15232', 'CHIQUIZA'),
	('15236', 'CHIVOR'),
	('15238', 'DUITAMA'),
	('15244', 'EL COCUY'),
	('15248', 'EL ESPINO'),
	('15299', 'GARAGOA'),
	('15317', 'GUACAMAYAS'),
	('15322', 'GUATEQUE'),
	('15325', 'GUAYATA'),
	('15332', 'GUICAN'),
	('15368', 'JERICO'),
	('15380', 'LA CAPILLA'),
	('15425', 'MACANAL'),
	('15469', 'MONIQUIRA'),
	('15480', 'MUZO'),
	('15494', 'NUEVO COLON'),
	('15507', 'OTANCHE'),
	('15511', 'PACHAVITA'),
	('15516', 'PAIPA'),
	('15522', 'PANQUEBA'),
	('15542', 'PESCA'),
	('15550', 'PISBA'),
	('15572', 'PUERTO BOYACA'),
	('15580', 'QUIPAMA'),
	('15621', 'RONDON'),
	('15632', 'SABOYA'),
	('15638', 'SACHICA'),
	('15664', 'SAN JOSE DE PARE'),
	('15667', 'SAN LUIS DE GACENO'),
	('15673', 'SAN MATEO'),
	('15681', 'SAN PABLO DE BORBUR'),
	('15686', 'SANTANA'),
	('15690', 'SANTA MARIA'),
	('15693', 'SANTA ROSA DE VITERBO'),
	('15696', 'SANTA SOFIA'),
	('15720', 'SATIVANORTE'),
	('15740', 'SIACHOQUE'),
	('15759', 'SOGAMOSO'),
	('15774', 'SUSACON'),
	('15776', 'SUTAMARCHAN'),
	('15778', 'SUTATENZA'),
	('15804', 'TIBANA'),
	('15810', 'TIPACOQUE'),
	('15814', 'TOCA'),
	('15816', 'TOGUI'),
	('15835', 'TURMEQUE'),
	('15839', 'TUTAZA'),
	('20001', 'VALLEDUPAR'),
	('20011', 'AGUACHICA'),
	('20013', 'AGUSTIN CODAZZI'),
	('20032 ', 'ASTREA'),
	('20045', 'BECERRIL'),
	('20060', 'BOSCONIA'),
	('20175', 'CHIMICHAGUA'),
	('20178', 'CHIRIGUANA'),
	('20228', 'CURUMANI'),
	('20238', 'EL COPEY'),
	('20250', 'EL PASO'),
	('20295', 'GAMARRA'),
	('20310', 'GONZALEZ'),
	('20383', 'LA GLORIA'),
	('20400', 'LA JAGUA DE IBIRICO '),
	('20443', 'MANAURE '),
	('20517', 'PAILITAS'),
	('20570', 'PUEBLO BELLO'),
	('20614', 'RIO DE ORO'),
	('20621', 'LA PAZ'),
	('20710', 'SAN ALBERTO'),
	('20750', 'SAN DIEGO'),
	('20770', 'SAN MARTIN'),
	('23001', 'MONTERIA'),
	('23079', 'BUENAVISTA'),
	('23090', 'CANALETE'),
	('23162', 'CERETE'),
	('23168', 'CHIMA'),
	('23182', 'CHINU'),
	('23189', 'CIENAGA DE ORO'),
	('23300', 'COTORRA'),
	('23350', 'LA APARTADA'),
	('23417', 'LORICA'),
	('23419', 'LOS CORDOBAS'),
	('23464', 'MOMIL'),
	('23466', 'MONTE LIBANO'),
	('23555', 'PLANETA RICA'),
	('23570', 'PUEBLO NUEVO'),
	('23574', 'PUERTO ESCONDIDO'),
	('23580', 'PUERTO LIBERTADOR'),
	('23586', 'PURISIMA'),
	('23660', 'SAHAGUN'),
	('23670', 'SAN ANDRES SOTAVENTO'),
	('23672', 'SANANTERO'),
	('23675', 'SAN BERNARDO DEL VIENTO'),
	('23678', 'SAN CARLOS'),
	('23682', 'SAN JOSE DE URE'),
	('23686', 'SAN PELAYO'),
	('23807', 'TIERRALTA'),
	('23815', 'TUCHIN'),
	('23855', 'VALENCIA'),
	('44001', 'RIOHACHA'),
	('44035', 'ALBANIA'),
	('44090', 'DIBULLA'),
	('44098', 'DISTRACCION'),
	('44110', 'EL MOLINO'),
	('44279', 'FONSECA'),
	('44420', 'LA JAGUA DEL PILAR'),
	('44430', 'MAICAO'),
	('44650', 'SAN JUAN DEL CESAR'),
	('44874', 'VILLANUEVA'),
	('47001', 'SANTA MARTA'),
	('47030', 'ALGARROBO'),
	('47053', 'ARACATACA'),
	('47058', 'ARIGUANI'),
	('47170', 'CHIBOLO'),
	('47189', 'CIENAGA'),
	('47245', 'EL BANCO'),
	('47258', 'EL PIÑON'),
	('47268', 'EL RETEN'),
	('47288', 'FUNDACION'),
	('47318', 'GUAMAL'),
	('47460', 'NUEVA GRANADA'),
	('47541', 'PEDRAZA'),
	('47551', 'PIVIJAY'),
	('47555', 'PLATO'),
	('47570', 'PUEBLO VIEJO'),
	('47605', 'REMOLINO'),
	('47660', 'SABANAS DE SAN ANGEL'),
	('47692', 'SAN SEBASTIAN DE BUENA VISTA'),
	('47707', 'SANTA ANA'),
	('47720', 'SANTA BARBARA DE PINTO'),
	('47745', 'SITIO NUEVO'),
	('47980', 'ZONA BANANERA'),
	('50001', 'VILLAVICENCIO'),
	('50006', 'ACACIAS'),
	('50150', 'CASTILLA LA NUEVA'),
	('50223', 'CUBARRAL'),
	('50226', 'CUMARAL'),
	('50245', 'EL CALVARIO'),
	('50251', 'EL CASTILLO'),
	('50287', 'PUENTE DE ORO'),
	('50313', 'GRANADA'),
	('50325', 'MAPIRIPAN'),
	('50330', 'MESETAS'),
	('50370', 'LA URIBE'),
	('50450', 'PUERTO CONCORDIA'),
	('50504', 'LA JULIA'),
	('50568', 'PUERTO GAITAN'),
	('50573', 'PUERTO LOPEZ'),
	('50577', 'PUERTO LLERAS'),
	('50590', 'PUERTO RICO'),
	('50680', 'SAN CARLOS DE GUAROA'),
	('50683', 'SAN JUAN DE ARAMA'),
	('50711', 'VISTA HERMOSA'),
	('70001', 'SINCELEJO'),
	('70124', 'CAIMITO'),
	('70215', 'COROZAL'),
	('70221', 'COVEÑAS'),
	('70235', 'GALERAS'),
	('70265', 'GUARANDA'),
	('70400', 'LA UNION'),
	('70418', 'LOS PALMITOS'),
	('70429', 'MAJAGUAL'),
	('70473', 'MORROA'),
	('70508', 'OVEJAS'),
	('70523', 'PALMITO'),
	('70670', 'SAMPUES'),
	('70678', 'SAN BENITO ABAD'),
	('70708', 'SAN MARCOS'),
	('70713', 'SAN ONOFRE'),
	('70742', 'SINCE'),
	('70771', 'SUCRE'),
	('70820', 'SANTIAGO DE TOLU'),
	('70823', 'TOLUVIEJO');

-- Volcando estructura para tabla noe.seccional
CREATE TABLE IF NOT EXISTS `seccional` (
  `cod_seccional` varchar(50) NOT NULL,
  `nom_seccional` varchar(50) DEFAULT NULL,
  PRIMARY KEY (`cod_seccional`)
) ENGINE=InnoDB DEFAULT CHARSET=UTF8MB4;

-- Volcando datos para la tabla noe.seccional: ~11 rows (aproximadamente)
INSERT INTO `seccional` (`cod_seccional`, `nom_seccional`) VALUES
	('01', 'Nacional'),
	('08', 'Atlantico'),
	('11', 'Bogota'),
	('13', 'Bolivar'),
	('15', 'Boyaca'),
	('20', 'Cesar'),
	('23', 'Cordoba'),
	('44', 'Guajira'),
	('47', 'Magdalena'),
	('50', 'Meta'),
	('70', 'Sucre');

-- TABLA NOE VIEJO
CREATE TABLE IF NOT EXISTS `usuarios` (
  `id_user` INT(11) NOT NULL DEFAULT 0,
  `username` varchar(50) NOT NULL,
  `password` varchar(100) NOT NULL,
  `email` varchar(50) DEFAULT NULL,
  `telefono` varchar(13) DEFAULT NULL,
  `foto` varchar(100) DEFAULT NULL,
  `permisos_acceso` enum('Super Admin','Auxiliar TIC','Almacen') NOT NULL,
  `status` enum('activo','bloqueado') NOT NULL DEFAULT 'activo',
  `created_at` timestamp NOT NULL DEFAULT current_timestamp(),
  `updated_at` timestamp NOT NULL DEFAULT current_timestamp() ON UPDATE current_timestamp(),
  PRIMARY KEY (`id_user`) USING BTREE,
  KEY `level` (`permisos_acceso`) USING BTREE
) ENGINE=InnoDB DEFAULT CHARSET=latin1 ROW_FORMAT=DYNAMIC;

-- Volcando datos para la tabla noe.usuarios: ~31 rows (aproximadamente)
INSERT INTO `usuarios` (`id_user`, `username`, `password`, `email`, `telefono`, `foto`, `permisos_acceso`, `status`) VALUES
	(1001995175, 'esteban.padilla ', '5994471abb01112afcc18159f6cc74b4f511b99806da59b3caf5a9c173cacfc5', NULL, NULL, NULL, 'Auxiliar TIC', 'activo');

-- PROPUESTAS

CREATE TABLE rol(
	idrol INT(11) AUTO_INCREMENT,
	nombrerol VARCHAR(50) NOT NULL,
	descripcion TEXT NOT NULL,
	estado INT(1) DEFAULT(1),
	PRIMARY KEY(idrol)
);

INSERT INTO rol(idrol,nombrerol,descripcion) VALUES
(1, 'Administrador', 'Acceso a todo el sistema');

CREATE TABLE usuario(
	id INT(11) AUTO_INCREMENT,
	id_user INT(11) NOT NULL,
	rolid INT(11) NOT NULL,
	username VARCHAR(50) NOT NULL,
	pass VARCHAR(100) NOT NULL,
	datecreated DATETIME DEFAULT CURRENT_TIMESTAMP(),
	dateupdated DATETIME DEFAULT CURRENT_TIMESTAMP() ON UPDATE CURRENT_TIMESTAMP(),
	estado INT(1) DEFAULT(1),
	PRIMARY KEY(id)
);

SELECT * FROM equipo;

SELECT * FROM usuario

SELECT num_doc FROM funcionario WHERE num_doc = 12313;

SELECT id_user FROM usuario WHERE (username = 'esteban.padilla' AND id = 1) OR (id_user = 1001995175 AND id = 1)

SELECT id_user FROM usuario WHERE username = 'auxiliar.prueba' OR id_user = 2

INSERT INTO usuario(id_user,rolid,username,pass) VALUES
(1001995175, 1, 'esteban.padilla', '5994471abb01112afcc18159f6cc74b4f511b99806da59b3caf5a9c173cacfc5');

SELECT u.id_user,u.username,CONCAT(f.nombre1,' ',f.nombre2,' ',f.apellido1,' ',f.apellido2) AS 'nombres',r.nombrerol,u.estado FROM usuario u
        INNER JOIN funcionario f ON f.num_doc = id_user
        INNER JOIN rol r ON u.rolid = r.idrol
        WHERE u.estado != 0

CREATE TABLE modulo(
	idmodulo BIGINT(20) AUTO_INCREMENT,
	titulo VARCHAR(50) NOT NULL,
	descripcion TEXT NOT NULL,
	estado INT(1) DEFAULT(1),
	PRIMARY KEY(idmodulo)
);

CREATE TABLE permisos(
	idpermiso BIGINT(20) AUTO_INCREMENT,
	rolid BIGINT(20) NOT NULL,
	moduloid BIGINT(20) NOT NULL,
	r INT(1) DEFAULT(0),
	w INT(1) DEFAULT(0),
	u INT(1) DEFAULT(0),
	d INT(1) DEFAULT(0),
	PRIMARY KEY(idpermiso)
);

CREATE TABLE IF NOT EXISTS `funcionario` (
  `tipo_doc` varchar(50) DEFAULT NULL,
  `num_doc` VARCHAR(50) NOT null NULL DEFAULT '',
  `nombre1` varchar(50) DEFAULT NULL,
  `nombre2` varchar(50) DEFAULT NULL,
  `apellido1` varchar(50) DEFAULT NULL,
  `apellido2` varchar(50) DEFAULT NULL,
  `sexo` varchar(50) DEFAULT NULL,
  `cargo` varchar(50) DEFAULT NULL,
  `area` varchar(50) DEFAULT NULL,
  `seccional` varchar(50) DEFAULT NULL,
  `municipio` varchar(3) DEFAULT NULL,
  `estado` varchar(50) DEFAULT 'A',
  PRIMARY KEY (`num_doc`)
) ENGINE=InnoDB DEFAULT CHARSET=utf8mb4 ROW_FORMAT=DYNAMIC;

-- Volcando datos para la tabla noe.funcionario: ~1.943 rows (aproximadamente)
INSERT INTO `funcionario` (`tipo_doc`, `num_doc`, `nombre1`, `nombre2`, `apellido1`, `apellido2`, `sexo`, `cargo`, `area`, `seccional`, `municipio`, `estado`) VALUES
	('CC', '0001', 'NUEVO', '', 'STOCK', 'STOCK', 'M', '67', '5', '01', '001', 'A'),
	('CC', '0002', 'DISPONIBLE', '', 'DISPONIBLE', 'DISPONIBLE', 'M', '67', '5', '01', '001', 'A'),
	('CC', '0003', 'EN GARANTIA ', '', 'BODEGA', 'BODEGA', 'M', '67', '5', '01', '001', 'A'),
	('CC', '0004', 'SIN GARANTIA', '', 'BODEGA', 'BODEGA', 'M', '67', '5', '01', '001', 'A'),
	('CC', '1001995175', 'ESTEBAN', 'ALEJANDRO', 'PADILLA', 'PADILLA', 'M', '67', '5', '01', '001', 'A');

SELECT * FROM area WHERE cod_area = '5';

SELECT * FROM cargo WHERE cod_cargo = '67';

SELECT u.id_user,u.username,u.permisos_acceso,u.status,DATE_FORMAT(u.created_at, '%d-%m-%y') as 'fechaCreacion', CONCAT(f.nombre1, ' ', f.nombre2, ' ', apellido1, ' ', apellido2) as 'nom_funcionario' FROM usuarios u
        INNER JOIN funcionario f ON u.id_user = f.num_doc
        WHERE u.id_user = 1001995175;

SELECT * FROM marca;

SELECT * FROM modelo;

SELECT * FROM equipo;



CREATE TABLE IF NOT EXISTS `area` (
  `cod_area` int(11) NOT NULL AUTO_INCREMENT,
  `nom_area` varchar(50) DEFAULT NULL,
  PRIMARY KEY (`cod_area`)
) ENGINE=InnoDB AUTO_INCREMENT=64 DEFAULT CHARSET=utf8mb4;

INSERT INTO `area` (`cod_area`, `nom_area`) VALUES
	(1, 'Nacional'),
	(3, 'Ingenieria'),
	(4, 'Contabilidad'),
	(5, 'TIC'),
	(15, 'Salud'),
	(16, 'ALTO COSTO'),
	(17, 'RED DE SERVICIOS'),
	(18, 'SIAU'),
	(19, 'CALL CENTER'),
	(20, 'AUTORIZACIONES'),
	(21, 'TALENTO HUMANO'),
	(22, 'ADMINISTRATIVA'),
	(23, 'GESTION DEL RIESGO'),
	(24, 'CARTERA'),
	(25, 'JURIDICA'),
	(26, 'FINANCIERA'),
	(27, 'PLANEACION'),
	(28, 'PRESUPUESTOS MAXIMOS'),
	(29, 'CUENTAS MEDICAS'),
	(30, 'CALIDAD'),
	(31, 'BODEGA'),
	(32, 'OPERACIONES'),
	(33, 'OPERACIONES'),
	(34, 'DIRECCION'),
	(35, 'CONTROL INTERNO'),
	(52, 'SALUD PUBLICA'),
	(54, 'BOYACA'),
	(55, 'DOCUMENTACION Y ARCHIVO'),
	(56, 'AFILIACION INSCRIPCION Y MERCADEO'),
	(57, 'OPERACIONES'),
	(58, 'REFERENCIA'),
	(59, 'ASESORES EXTERNOS'),
	(60, 'SERVICIOS GENERALES'),
	(61, 'SIN DATO'),
	(62, 'PUBLICIDAD'),
	(63, 'RIESGOS');

-- Volcando estructura para tabla noe.cargo
CREATE TABLE IF NOT EXISTS `cargo` (
  `cod_cargo` int(11) NOT NULL AUTO_INCREMENT,
  `cod_area` int(11) NOT NULL DEFAULT 0,
  `nom_cargo` varchar(300) DEFAULT NULL,
  PRIMARY KEY (`cod_cargo`)
) ENGINE=InnoDB AUTO_INCREMENT=234 DEFAULT CHARSET=utf8mb4;

-- Volcando datos para la tabla noe.cargo: ~181 rows (aproximadamente)
INSERT INTO `cargo` (`cod_cargo`, `cod_area`, `nom_cargo`) VALUES
	(1, 17, 'COORDINADOR NACIONAL DE RED DE SERVICIOS'),
	(2, 15, 'AUDITOR NACIONAL DE SERVICIOS DE SALUD'),
	(3, 27, 'AUXILIAR NACIONAL DE PLANEACION'),
	(4, 16, 'ESPECIALISTA NACIONAL DE ALTO COSTO'),
	(5, 33, 'SUBDIRECTOR NACIONAL DE REGIMEN CONTRIBUTIVO'),
	(6, 33, 'ESPECIALISTA NACIONAL DE AFILIACION  INSCRIPCION Y'),
	(7, 35, 'AUDITOR NACIONAL INTERNO'),
	(8, 30, 'AUDITOR INTERNO DE CALIDAD'),
	(9, 33, 'ASISTENTE SECCIONAL AFILIACION INSCRIPCION Y MERCADEO'),
	(10, 33, 'AUXILIAR NACIONAL REGIMEN CONTRIBUTIBVO'),
	(11, 33, 'AUXILIAR SECCIONAL REGIMEN CONTRIBUTIBVO'),
	(12, 33, 'ASISTENTE NACIONAL REGIMEN CONTRIBUTIBVO'),
	(13, 35, 'ASISTENTE NACIONAL DE  AUDITORIA INTERNA'),
	(14, 22, 'AUXILIAR NACIONAL DE ADQUISICION DE BIENES Y SERVI'),
	(15, 33, 'ASISTENTE NACIONAL DE REGIMEN CONTRIBUTIVO'),
	(16, 16, 'ASISTENTE NACIONAL DE ALTO COSTO\r'),
	(17, 34, 'GESTOR DE SALUD'),
	(18, 22, 'ASISTENTE NACIONAL ADMINISTRATIVO\r'),
	(19, 33, 'ASISTENTE NACIONAL DE ABDA'),
	(20, 33, 'ASISTENTE NACIONAL DE AFILIACION REGISTRO Y MERCADEO'),
	(21, 29, 'ASISTENTE NACIONAL DE AUDITORIA DE CTAS. MEDICAS\r'),
	(22, 20, 'ASISTENTE NACIONAL DE AUTORIZACIONES\r'),
	(23, 20, 'ASISTENTE NACIONAL DE AUTORIZACIONES-CAC\r'),
	(24, 30, 'ASISTENTE NACIONAL DE CALIDAD\r'),
	(25, 19, 'ASISTENTE NACIONAL DE CALL CENTER\r'),
	(26, 24, 'ASISTENTE NACIONAL DE CARTERA\r'),
	(27, 55, 'ASISTENTE NACIONAL DE DOCUMENTACION Y ARCHIVO\r'),
	(28, 22, 'ASISTENTE NACIONAL DE INFRAESTRUCTURA\r'),
	(29, 26, 'ASISTENTE NACIONAL DE PAGADURIA\r'),
	(30, 5, 'ASISTENTE DE COMUNICACIONES'),
	(31, 28, 'ASISTENTE NACIONAL DE OPERACIONES EN SALUD\r'),
	(32, 17, 'ASISTENTE NACIONAL DE CONTRATACION DE RED\r'),
	(33, 21, 'ASISTENTE NACIONAL DE SEGURIDAD Y SALUD\r'),
	(34, 15, 'ASISTENTE NACIONAL DE SERVICIOS DE SALUD\r'),
	(35, 18, 'ASISTENTE NACIONAL DE SIAU\r'),
	(36, 21, 'ASISTENTE NACIONAL DE TALENTO HUMANO\r'),
	(37, 5, 'ASISTENTE NACIONAL DE TIC\r'),
	(38, 26, 'ASISTENTE NACIONAL FINANCIERO\r'),
	(39, 25, 'ASISTENTE NACIONAL JURIDICO\r'),
	(40, 56, 'ASISTENTE SECCIONAL DE AFILIACION REGISTRO Y MERCADEO'),
	(41, 20, 'ASISTENTE SECCIONAL DE AUTORIZACIONES\r'),
	(42, 23, 'ASISTENTE SECCIONAL DE GESTION DEL RIESGO\r'),
	(43, 52, 'ASISTENTE SECCIONAL DE SALUD PUBLICA\r'),
	(44, 18, 'ASISTENTE SECCIONAL DE SIAU\r'),
	(45, 5, 'ASISTENTE SECCIONAL DE TIC\r'),
	(46, 26, 'ASISTENTE SECCIONAL FINANCIERO Y ADMINISTRATIVO\r'),
	(47, 25, 'ASISTENTE SECCIONAL JURIDICO\r'),
	(48, 29, 'AUDITOR NACIONAL DE CTAS. MEDICAS\r'),
	(49, 15, 'AUDITOR SECCIONAL DE SERVICIOS DE SALUD\r'),
	(50, 22, 'AUXILIAR NACIONAL ADMINISTRATIVO\r'),
	(51, 33, 'AUXILIAR NACIONAL DE ABDA\r'),
	(52, 32, 'AUXILIAR NACIONAL DE AFILIACION REGISTRO Y MERCADEO'),
	(53, 29, 'AUXILIAR NACIONAL DE AUDITORIA DE CTAS. MEDICAS\r'),
	(54, 19, 'AUXILIAR NACIONAL DE CALL CENTER\r'),
	(55, 24, 'AUXILIAR NACIONAL DE CARTERA\r'),
	(56, 4, 'AUXILIAR NACIONAL DE CONTABILIDAD\r'),
	(57, 55, 'AUXILIAR NACIONAL DE DOCUMENTACION Y ARCHIVO\r'),
	(58, 22, 'AUXILIAR NACIONAL DE INFRAESTRUCTURA\r'),
	(59, 26, 'AUXILIAR NACIONAL DE LIQUIDACION CT\r'),
	(60, 26, 'AUXILIAR NACIONAL DE PAGADURIA\r'),
	(61, 28, 'AUXILIAR NACIONAL DE OPERACIONES EN SALUD\r'),
	(62, 17, 'AUXILIAR NACIONAL DE CONTRATACION DE RED\r'),
	(63, 52, 'AUXILIAR NACIONAL DE SALUD PUBLICA\r'),
	(64, 18, 'AUXILIAR NACIONAL DE SERVICIO AL CLIENTE\r'),
	(65, 18, 'AUXILIAR NACIONAL DE SIAU\r'),
	(66, 21, 'AUXILIAR NACIONAL DE TALENTO HUMANO\r'),
	(67, 5, 'AUXILIAR NACIONAL DE TIC\r'),
	(68, 26, 'AUXILIAR NACIONAL FINANCIERO\r'),
	(69, 22, 'AUXILIAR SECCIONAL ADMINISTRATIVO\r'),
	(71, 29, 'AUXILIAR SECCIONAL DE AUDITORIA DE CTAS. MEDICAS\r'),
	(72, 20, 'AUXILIAR SECCIONAL DE AUTORIZACIONES\r'),
	(73, 55, 'AUXILIAR SECCIONAL DE DOCUMENTACION Y ARCHIVO\r'),
	(74, 60, 'AUXILIAR SECCIONAL DE SERVICIOS GENERALES\r'),
	(75, 18, 'AUXILIAR SECCIONAL DE SIAU\r'),
	(76, 33, 'COORDINADOR NACIONAL ABDA\r'),
	(77, 22, 'COORDINADOR NACIONAL ADMINISTRATIVO\r'),
	(78, 32, 'COORDINADOR NACIONAL DE AFILIACION Y REGISTRO\r'),
	(79, 29, 'COORDINADOR NACIONAL DE AUDITORIA DE CTAS. MEDICAS'),
	(80, 15, 'COORDINADOR NACIONAL DE AUDITORIA DE SERVICIOS DE SALUD'),
	(81, 20, 'COORDINADOR NACIONAL DE AUTORIZACIONES\r'),
	(82, 24, 'COORDINADOR NACIONAL DE CARTERA\r'),
	(83, 4, 'COORDINADOR NACIONAL DE CONTABILIDAD\r'),
	(84, 34, 'COORDINADOR NACIONAL DE CONTROL INTERNO\r'),
	(85, 26, 'COORDINADOR NACIONAL FINANCIERO\r'),
	(86, 25, 'COORDINADOR NACIONAL JURIDICO\r'),
	(87, 26, 'COORDINADOR NACIONAL DE PAGADURIA\r'),
	(88, 28, 'COORDINADOR NACIONAL OPERACIONES SALUD\r'),
	(89, 52, 'COORDINADOR NACIONAL DE SALUD PUBLICA\r'),
	(90, 18, 'COORDINADOR NACIONAL DE SIAU\r'),
	(91, 21, 'COORDINADOR NACIONAL DE TALENTO HUMANO\r'),
	(92, 5, 'COORDINADOR NACIONAL DE PROYECTOS INFORMATICOS\r'),
	(93, 59, 'ASESOR EXTERNO SECCIONAL\r'),
	(94, 21, 'APRENDIZ LECTIVO\r'),
	(95, 21, 'APRENDIZ PRACTICAS\r'),
	(97, 23, 'ASISTENTE NACIONAL DE GESTION DEL RIESGO\r'),
	(98, 52, 'AUXILIAR SECCIONAL DE SALUD PUBLICA\r'),
	(99, 25, 'AUXILIAR NACIONAL JURIDICO\r'),
	(100, 30, 'ESPECIALISTA NACIONAL DE CALIDAD\r'),
	(101, 15, ' ASISTENTE NACIONAL DE AUDITORIA DE SERVICIOS DE S'),
	(102, 52, 'ASISTENTE NACIONAL DE SALUD PUBLICA\r'),
	(104, 5, 'SUBDIRECTOR NACIONAL DE LA TECNOLOGIA DE LA INFORM'),
	(106, 23, 'AUXILIAR SECCIONAL DE GESTION DEL RIESGO\r'),
	(107, 34, 'COORDINADOR SECCIONAL\r'),
	(108, 15, 'DIRECTOR DE SALUD\r'),
	(109, 29, 'ESPECIALISTA NACIONAL DE AUDITORIA CTAS MEDICAS\r'),
	(110, 26, 'ESPECIALISTA NACIONAL DE LIQUIDACION DE CT\r'),
	(111, 15, 'ESPECIALISTA NACIONAL DE SERVICIOS DE SALUD\r'),
	(112, 20, 'ESPECIALISTA NACIONAL DE AUTORIZACIONES\r'),
	(113, 23, 'ESPECIALISTA NACIONAL DE GESTION DEL RIESGO\r'),
	(114, 5, 'ESPECIALISTA NACIONAL DE PUBLICIDAD\r'),
	(115, 52, 'ESPECIALISTA NACIONAL DE SALUD PUBLICA\r'),
	(116, 5, 'ESPECIALISTA NACIONAL DE TIC\r'),
	(117, 15, 'ESPECIALISTA SECCIONAL DE SERVICIOS DE SALUD\r'),
	(118, 22, 'MENSAJERO NACIONAL\r'),
	(119, 22, 'MENSAJERO SECCIONAL\r'),
	(120, 22, 'PORTERO\r'),
	(121, 32, 'SUBDIRECTOR NACIONAL DE ASEGURAMIENTO\r'),
	(122, 30, 'JEFE DE OFICINA DE CALIDAD\r'),
	(123, 26, 'SUBDIRECTOR NACIONAL FINANCIERO Y ADMINISTRATIVO\r'),
	(124, 23, 'SUBDIRECTOR NACIONAL DE GESTION DEL RIESGO\r'),
	(125, 27, 'SUBDIRECTOR NACIONAL DE PLANEACION\r'),
	(126, 15, 'SUBDIRECTOR NACIONAL DE SERVICIOS DE SALUD\r'),
	(127, 32, 'DIGITADOR\r'),
	(128, 59, 'ASESOR EXTERNO NACIONAL\r'),
	(129, 16, 'COORDINADOR NACIONAL DE ALTO COSTO\r'),
	(130, 23, 'COORDINADOR NACIONAL DE GESTION DEL RIESGO\r'),
	(131, 32, 'AUXILIAR NACIONAL DE AFILIACION INSCRIPCION Y MERC'),
	(132, 15, 'AUXILIAR SECCIONAL DE SERVICIOS DE SALUD\r'),
	(133, 29, 'ASISTENTE SECCIONAL DE AUDITORIA DE CTAS. MEDICAS\r'),
	(134, 15, 'ESPECIALISTA NACIONAL DE MEDICINA LABORAL\r'),
	(135, 16, 'ASISTENTE SECCIONAL DE ALTO COSTO\r'),
	(136, 16, 'AUXILIAR SECCIONAL DE ALTO COSTO\r'),
	(137, 33, 'COORDINADOR NACIONAL DE REGIMEN CONTRIBUTIVO\r'),
	(138, 15, 'AUDITOR SECCIONAL HOSPITALARIO\r'),
	(139, 15, 'AUDITOR NACIONAL HOSPITALARIO \r'),
	(140, 30, 'AUDITOR NACIONAL DE CALIDAD\r'),
	(141, 15, 'AUDITOR SECCIONAL  DE CALIDAD\r'),
	(142, 34, 'ASISTENTE NACIONAL DE DIRECCION\r'),
	(143, 27, 'ESPECIALISTA NACIONAL DE PLANEACION\r'),
	(144, 22, 'AUXILIAR SECCIONAL DE INFRAESTRUCTURA\r'),
	(145, 15, 'AUDITOR SECCIONAL DE CALIDAD EN SALUD\r'),
	(146, 16, 'AUXILIAR NACIONAL DE ALTO COSTO\r'),
	(147, 15, 'AUDITOR MEDICO SECCIONAL\r'),
	(148, 18, 'ESPECIALISTA NACIONAL DE REFERENCIA Y CONTRAREFERENCIA'),
	(149, 25, 'ESPECIALISTA NACIONAL JURIDICO\r'),
	(151, 34, 'ASISTENTE DE EPIDEMIOLOGIA PYP\r'),
	(152, 4, 'ASISTENTE NACIONAL DE CONTABILIDAD\r'),
	(153, 23, 'COORDINADOR NACIONAL DE GESTION DE RIESGO\r'),
	(154, 56, 'AUXILIAR SECCIONAL DE AFILIACION INSCRIPCION Y MERCADEO'),
	(155, 61, 'SIN DATO'),
	(156, 18, 'ESPECIALISTA NACIONAL DE SIAU'),
	(157, 15, 'TELETRABAJO AUS'),
	(158, 18, 'SUBDIRECTOR NACIONAL DE SIAU'),
	(159, 18, 'COORDINADOR DE ATENCION A USUARIOS'),
	(160, 15, 'SUBDIRECTOR NACIONAL DE REDES DE PSS'),
	(161, 56, 'ASISTENTE NACIONAL COMERCIAL'),
	(162, 23, 'JEFE DE OFICINA DE CONTRATACION'),
	(163, 62, 'JEFE DE OFICINA DE COMUNICACIONES'),
	(164, 21, 'ASISTENTE DE DESARROLLO DE TALENTO HUMANO'),
	(165, 18, 'ASISTENTE SECCIONAL DE PARTICIPACION CIUDADANA'),
	(166, 18, 'AUXILIAR SECCIONAL DE PARTICIPACION CIUDADANA'),
	(167, 5, 'JEFE DE OFICINA DE SISTEMAS DE INFORMACION'),
	(168, 5, 'ESPECIALISTA DE SEGURIDAD INFORMATICA'),
	(169, 27, 'JEFE DE OFICINA DE PLANEACION'),
	(170, 15, 'AUDITOR NACIONAL DE CALIDAD EN SALUD'),
	(171, 23, 'COORDINADOR NACIONAL DE P Y M DE LA SALUD'),
	(172, 33, 'COORDINADOR NACIONAL DE RECAUDO Y COMPENSACION'),
	(173, 33, 'COORDINADOR NACIONAL COMERCIAL'),
	(174, 18, 'COORDINADORA DE INFORMACON Y COMUNICACIÓN CON USUARIOS'),
	(175, 15, 'ESPECIALISTA NACIONAL DE RED DE SERVICIOS'),
	(176, 15, 'COORDINADOR DE RED DE SERVICIOS SALUD'),
	(177, 21, 'ASISTENTE DE NOMINA'),
	(178, 15, 'ASISTENTE SECCIONAL DE PRESUPUESTOS MAXIMOS '),
	(179, 32, 'AUXILIAR SECCIONAL DE PRESTACIONES ECONOMICAS'),
	(180, 15, 'AUXILIAR REGIONAL DE PROGRAMAS DE SALUD ADMINISTRADA'),
	(181, 56, 'AUXILIAR REGIONAL DE AFILIACION INSCRIPCION Y MERCADEO'),
	(182, 28, 'ESPECIALISTA REGIONAL DE OPERACIONES DE SALUD'),
	(183, 25, 'JEFE DE OFICINA JURIDICA'),
	(184, 18, 'ASISTENTE REGIONAL DE PARTICIPACION CIUDADANA'),
	(185, 18, 'AUXILIAR REGIONAL DE ATENCION AL USUARIO'),
	(186, 15, 'ASISTENTE REGIONAL DE AUTORIZACIONES'),
	(187, 28, 'ASISTENTE DE PRESUPUESTOS MAXIMOS'),
	(188, 35, 'JEFE DE OFICINA AUDITORIA INTERNA'),
	(189, 52, 'ASISTENTE REGIONAL DE SALUD PUBLICA'),
	(190, 52, 'ASISTENTE SECCIONAL DE SALUD PUBLICA'),
	(191, 21, 'ESPECIALISTA NACIONAL DE SEGURIDAD Y SALUD EN EL TRABAJO'),
	(192, 34, 'JEFE DE ASUNTOS CORPORATIVOS'),
	(193, 22, 'ASISTENTE NACIONAL DE LOGISTICA'),
	(194, 15, 'AUDITORIA DE SERVICIOS DE SALUD'),
	(195, 22, 'COORDINACION DE INFRASTRUCTURA DOTACION Y LOGISTICA'),
	(196, 18, 'SUBDIRECCION NACIONAL DE ATENCION AL USUARIO'),
	(197, 15, 'COORDINADORA DE CALIDAD DE LA ATENCION EN SALUD'),
	(198, 15, 'ESPECIALISTA NACIONAL DE MEDICAMENTOS Y DISPOSITIVOS'),
	(199, 57, 'COORDINADOR NACIONAL DE AFILIACION Y REGISTRO'),
	(200, 21, 'AUXILIAR REGIONAL DE TALENTO HUMANO'),
	(201, 35, 'ESPECIALISTA NACIONAL DE AUDITORIA INTERNA'),
	(202, 57, 'AUXILIAR NACIONAL DE APORTES Y CARTERA'),
	(203, 28, 'ASISTENTE DE PRESUPUESTOS MAXIMOS'),
	(204, 23, 'ASISTENTE REGIONAL DE PROGRAMAS DE SALUD ADMINISTRADA'),
	(205, 15, 'AUXILIAR REGIONAL DE PROGRAMA DE SALUD ADMINISTRADA'),
	(206, 27, 'ESPECIALISTA DE ANALITICA DE DATOS'),
	(207, 27, 'COORDINADOR NACIONAL ANALITICA DE OPERACIONES'),
	(208, 21, 'JEFE DE OFICINA DE TALENTO HUMANO'),
	(209, 34, 'GESTOR MUNICIPAL'),
	(210, 63, 'ASISTENTE NACIONAL DE RIESGO ACTUARIAL EN SALUD'),
	(211, 63, 'SUBDIRECTOR NACIONAL DE RIESGOS'),
	(212, 56, 'AUXILIAR NACIONAL COMERCIAL'),
	(213, 57, 'AUXILIAR REGIONAL DE PRESTACIONES ECONOMICAS'),
	(214, 34, 'GERENTE REGIONAL'),
	(215, 63, 'COORDINACION DE RIESGOS OPERATIVOS'),
	(216, 23, 'COORDINACION DE RIESGOS ACTUARIAL DE SALUD'),
	(217, 15, 'COORDINACION DE EPIDEMIOLOGIA'),
	(218, 27, 'ASISTENTE NACIONAL DE PLANEACION'),
	(219, 15, 'ASISTENTE DE EPIDEMIOLOGIA'),
	(220, 15, 'ASISTENTE NACIONAL DE GESTION DE MEDICAMENTOS'),
	(221, 23, 'ESPECIALISTA NACIONAL DE GESTION DEL RIESGO'),
	(222, 29, 'AUDITOR SECCIONAL DE CUENTAS MEDICAS'),
	(223, 56, 'COORDINADOR NACIONAL DE MEDICAMENTOS Y DISPOSITIVOS MEDICOS'),
	(224, 17, 'ASISTENTE NACIONAL DE REDES DE SERVICIOS'),
	(225, 34, 'OFICIAL DE CUMPLIMIENTO SARLAFT'),
	(226, 34, 'ASISTENTE DE GERENCIA'),
	(227, 34, 'JEFE DE OFICINA DE ASUNTOS CORPORATIVOS'),
	(228, 15, 'AUXILIAR NACIONAL DE RED DE SERVICIOS'),
	(229, 28, 'AUXILIAR NACIONAL DE PRESUPUESTOS MAXIMOS'),
	(230, 15, 'ESPECIALISTA NACIONAL DE AUDITORIA DE CALIDAD EN SALUD'),
	(231, 15, 'COORDINADOR NACIONAL DE PROGRAMAS DE SALUD ADMINISTRADA'),
	(232, 33, 'ESPECIALISTA NACIONAL DE RECAUDO Y COMPENSACION'),
	(233, 5, 'ADMINISTRADOR DE BASE DE DATOS');
	


CREATE TABLE IF NOT EXISTS `comentarios` (
  `id_comentario` int(11) NOT NULL AUTO_INCREMENT,
  `serial_equipo` varchar(50) DEFAULT NULL,
  `responsable` varchar(50) DEFAULT NULL,
  `tipo_dispositivo` varchar(50) DEFAULT NULL,
  `comentario` varchar(50) DEFAULT NULL,
  `serial_anterior` varchar(50) DEFAULT NULL,
  `serial_nuevo` varchar(50) DEFAULT NULL,
  `fecha` datetime DEFAULT CURRENT_TIMESTAMP() ON UPDATE CURRENT_TIMESTAMP(),
  PRIMARY KEY (`id_comentario`)
);

-- Volcando datos para la tabla noe.comentarios: ~2.836 rows (aproximadamente)
INSERT INTO `comentarios` (`id_comentario`, `serial_equipo`, `responsable`, `tipo_dispositivo`, `comentario`, `serial_anterior`, `serial_nuevo`, `fecha`) VALUES
	(1, 'MJ05UPT0', 'YORDIS.ESCORCIA', 'MOUSE', 'se realiza actualizacion de suministro por obsolec', '44F1N24', '44F1MZV', '2021-06-17 16:57:38'),
	(3, 'MJ05UPT0', 'YORDIS.ESCORCIA', 'MOUSE', 'se realiza actualizacion de suministro por obsolec', '44F1MZV', '6321747', '2021-06-18 16:35:52'),
	(4, 'MJ004J3G', 'LUIS.VERGARA', 'MOUSE', 'se realiza actualizacion de suministro por obsolec', 'M20383001', 'D0W2F', '2021-06-19 11:52:41');




